,Date,iterate_prediction,grid_prediction,random_prediction
1371,2014-03-05,-0.00048804493,0.0006136956,-0.0026102487
1372,2014-03-06,0.0048051197,0.0023866668,-0.0003203035
1373,2014-03-07,0.0019933232,0.0023866668,-0.00059775915
1374,2014-03-10,0.0037169245,0.0017169674,-0.0009999514
1375,2014-03-11,-0.0015282279,0.0010166452,-0.00046460528
1376,2014-03-12,0.0053822887,0.002753565,-0.0022882395
1377,2014-03-13,0.0023916352,0.001511506,-0.00038769993
1378,2014-03-14,0.0057187066,0.0025535147,-0.0039278446
1379,2014-03-17,0.0020092227,0.00042653485,-0.001219585
1380,2014-03-18,0.00014232774,0.000547006,-0.0028048088
1381,2014-03-19,0.0018882724,0.001511506,-0.00056775776
1382,2014-03-20,0.006291075,0.0010316544,0.00073774724
1383,2014-03-21,0.0018882724,0.001511506,0.00028827915
1384,2014-03-24,0.0005451221,-0.00090028794,-0.00079038495
1385,2014-03-25,-0.0008183103,-0.00033836707,-0.0006381775
1386,2014-03-26,0.00023894559,-0.0016465425,-0.0010983313
1387,2014-03-27,-0.00043831184,0.0015576519,-0.0011963083
1388,2014-03-28,-0.00046687064,-0.0007536411,-0.00087037554
1389,2014-03-31,-0.00024766714,-0.0016492738,-0.0010155081
1390,2014-04-01,-0.00094458566,-0.0014410815,-0.0003567646
1391,2014-04-02,-0.0040730415,-0.0014410815,-0.0007420611
1392,2014-04-03,-0.0027249213,0.0017169674,-0.0005522012
1393,2014-04-04,-0.0028403243,0.0017169674,-0.0005525014
1394,2014-04-07,-0.0013589736,0.0031986926,-0.00030989668
1395,2014-04-08,-0.00092076045,0.0028101169,-0.00012719864
1396,2014-04-09,-0.0059465086,0.0019980907,-0.00041506108
1397,2014-04-10,0.00062652316,-0.0036994496,-0.0025547135
1398,2014-04-11,0.0019885397,0.003814286,-0.00056743226
1399,2014-04-14,0.00057680527,0.0036315478,-0.00012719864
1400,2014-04-15,-0.0043234196,0.0024518836,-2.976456e-05
1401,2014-04-16,0.0030539806,0.0019980907,0.0023384707
1402,2014-04-17,-0.0012723585,0.0011051896,-0.00069949974
1403,2014-04-21,-0.0019049235,0.0011051896,0.0002858238
1404,2014-04-22,-0.0014292283,0.0011051896,-0.0003419845
1405,2014-04-23,0.00016539806,0.000726504,-0.0003419845
1406,2014-04-24,-0.00011036708,0.000726504,0.0002858238
1407,2014-04-25,-0.0057464633,-0.0006435174,-0.00090400863
1408,2014-04-28,-0.00745328,0.00083820766,0.00065644766
1409,2014-04-29,-0.005003983,2.6181893e-05,-0.00094926625
1410,2014-04-30,-0.0060622618,-0.0006435174,-0.00094926625
1411,2014-05-01,-0.00032878038,0.000726504,-0.0003419845
1412,2014-05-02,0.0027352283,0.000726504,-6.452884e-05
1413,2014-05-05,0.0027352283,0.00079261564,0.00039012692
1414,2014-05-06,0.0031365769,0.000726504,0.000105765816
1415,2014-05-07,0.0031440987,0.0017016788,0.0006474731
1416,2014-05-08,-0.0048419754,-0.0011500677,-9.322939e-05
1417,2014-05-09,-3.9443956e-05,0.000726504,-0.0003419845
1418,2014-05-12,-0.00710624,-0.0011500677,-0.00094926625
1419,2014-05-13,-0.0016563265,0.000726504,0.0005140526
1420,2014-05-14,-0.0010810446,0.000726504,-0.0003419845
1421,2014-05-15,-0.0015627979,0.00028606557,-0.0016147159
1422,2014-05-16,-0.00071829837,0.0017016788,-0.0017027084
1423,2014-05-19,-0.006830048,-0.00048036838,-0.00048628612
1424,2014-05-20,-0.0008106211,0.00088965305,-0.00040346326
1425,2014-05-21,0.0030728425,0.00259458,-0.0023058131
1426,2014-05-22,-0.001505442,0.00088965305,4.3312066e-05
1427,2014-05-23,0.00084089104,0.00088965305,0.000105765816
1428,2014-05-27,-0.0071701175,-0.0006435174,-0.00094926625
1429,2014-05-28,-0.00032878038,0.000726504,-0.0003419845
1430,2014-05-29,0.0027352283,0.000726504,-6.452884e-05
1431,2014-05-30,-0.00013342407,0.000726504,-0.0003419845
1432,2014-06-02,-0.007077992,-0.0006435174,-0.00094926625
1433,2014-06-03,-0.009592985,-0.0006435174,-0.00094926625
1434,2014-06-04,0.001407682,0.000726504,-6.452884e-05
1435,2014-06-05,0.0018090305,0.000726504,0.000105765816
1436,2014-06-06,0.0015230852,-0.00091422844,0.000105765816
1437,2014-06-09,-0.0083091995,-0.0022842498,-0.00094926625
1438,2014-06-10,0.0023032092,-0.00091422844,0.000105765816
1439,2014-06-11,0.0013295622,-0.00091422844,0.000105765816
1440,2014-06-12,-0.011646221,-0.0036570025,-0.0022219978
1441,2014-06-13,-0.009418865,-0.0034938538,-0.0022219978
1442,2014-06-16,-0.00819601,-0.0021211007,-0.00094926625
1443,2014-06-17,-0.009135736,-0.0021211007,-0.00094926625
1444,2014-06-18,0.0023825555,-0.00024452893,0.000105765816
1445,2014-06-19,-0.00064559025,-0.00091422844,-0.0003419845
1446,2014-06-20,-0.006786271,-0.0022842498,-0.00094926625
1447,2014-06-23,-0.0023421566,-0.00091422844,-0.0003419845
1448,2014-06-24,-0.00037751254,-0.00091422844,0.0002858238
1449,2014-06-25,-0.0009509276,-0.00017841737,0.0005255746
1450,2014-06-26,-0.007267573,-0.0022842498,-0.00094926625
1451,2014-06-27,-0.0073700836,-0.0022842498,-0.0006718108
1452,2014-06-30,-0.0016464985,-0.00091422844,-0.0003419845
1453,2014-07-01,0.0018890351,-0.00091422844,-6.452884e-05
1454,2014-07-02,-0.00063369004,-0.00091422844,4.3312066e-05
1455,2014-07-03,4.476239e-05,-0.00091422844,-0.0003419845
1456,2014-07-07,0.001683736,-0.0001015318,0.000105765816
1457,2014-07-08,0.0027212019,-0.0001015318,-6.452884e-05
1458,2014-07-09,0.004315197,0.0006342793,-0.0004820439
1459,2014-07-10,0.0028523346,-0.0001015318,0.000105765816
1460,2014-07-11,-0.00087665534,-0.0001015318,-0.0027360667
1461,2014-07-14,-0.0074724145,-0.0032016411,-0.00094926625
1462,2014-07-15,-0.0014956752,-0.0001015318,0.0005140526
1463,2014-07-16,0.0015536584,-0.0001015318,0.000105765816
1464,2014-07-17,-0.0017235938,-0.0001015318,-0.0003419845
1465,2014-07-18,0.0004388952,0.0013801935,-0.00051384256
1466,2014-07-21,-0.007524374,-0.0032016411,-0.00056396984
1467,2014-07-22,0.002378624,-0.0001015318,-0.0011858797
1468,2014-07-23,-0.008823038,-0.0032016411,-0.002655551
1469,2014-07-24,-0.007883541,-0.0032016411,-0.0017931616
1470,2014-07-25,-0.0010863268,-0.0001015318,-0.0014180775
1471,2014-07-28,0.0011327309,-0.00080458546,-0.0004820439
1472,2014-07-29,0.0026012328,0.0005681676,-0.0016005187
1473,2014-07-30,0.002568572,0.0006342793,-0.0039876956
1474,2014-07-31,-0.0006108396,-0.00080458546,-0.0018586112
1475,2014-08-01,0.0038660727,0.0016107077,-0.0003116577
1476,2014-08-04,0.0065837055,-0.0010971378,-0.00060201104
1477,2014-08-05,0.0020972253,0.0014698035,0.0016877197
1478,2014-08-06,-0.008637161,-0.0025339418,-0.001440947
1479,2014-08-07,-0.0089720795,-0.0019071028,-0.000709139
1480,2014-08-08,-0.0039298167,-0.00022342271,-0.0020353177
1481,2014-08-11,-0.0012818368,-0.002394483,-0.0006405489
1482,2014-08-12,-0.007216678,-0.0016391233,0.00072416756
1483,2014-08-13,0.0004654954,0.001103651,0.0012985286
1484,2014-08-14,0.0002302212,-0.0011294622,-0.00057703524
1485,2014-08-15,0.002343353,0.0022363467,-0.00012928496
1486,2014-08-18,-0.00080792,-0.0025022163,-0.0007569633
1487,2014-08-19,-0.0006915559,-0.0043356344,-0.002549034
1488,2014-08-20,-0.00035153376,0.00088965305,-0.00075973343
1489,2014-08-21,-0.0010965662,0.00088965305,-0.00040346326
1490,2014-08-22,-0.00033915415,0.00021995377,-0.0003419845
1491,2014-08-25,-0.00026840623,-0.0004830999,-6.452884e-05
1492,2014-08-26,-3.9443956e-05,0.000726504,-0.0003419845
1493,2014-08-27,-0.006517194,-0.0006435174,-0.00094926625
1494,2014-08-28,0.00044185773,0.000726504,-0.0003419845
1495,2014-08-29,-0.0047833156,-0.0011500677,-0.0006718108
1496,2014-09-02,-0.0060760267,-0.0011500677,-0.00094926625
1497,2014-09-03,0.002435518,0.00021995377,-0.00046672113
1498,2014-09-04,-0.00074389344,-0.0011527992,-0.0003419845
1499,2014-09-05,-0.00074389344,-0.0011527992,0.0002858238
1500,2014-09-08,-0.0016563265,0.000726504,-0.0003419845
1501,2014-09-09,0.002435518,0.00021995377,-6.452884e-05
1502,2014-09-10,0.0020921007,-0.0004830999,-0.0016147159
1503,2014-09-11,-0.0063619725,-0.0011500677,-0.00094926625
1504,2014-09-12,-0.0010332302,0.00021995377,-0.00012600754
1505,2014-09-15,-0.0013896748,0.00088965305,-0.0005833913
1506,2014-09-16,-0.0012742719,0.00088965305,-0.00075973343
1507,2014-09-17,-0.0006428559,0.00021995377,-0.00040346326
1508,2014-09-18,-0.00033915415,0.00021995377,-0.0003419845
1509,2014-09-19,-0.0016563265,0.000726504,0.0005140526
1510,2014-09-22,0.0034259132,0.00079261564,0.0011133844
1511,2014-09-23,0.0032385227,0.0009557646,-0.00116006
1512,2014-09-24,-0.0056615775,0.0004786443,0.0012669701
1513,2014-09-25,0.0005410443,0.00088965305,0.00049106235
1514,2014-09-26,0.0018258495,0.0011380722,-0.0024402472
1515,2014-09-29,0.0016739701,0.00088965305,0.00049106235
1516,2014-09-30,-0.0025477991,0.00088965305,-0.0011550094
1517,2014-10-01,-0.00095146196,0.0018486658,-0.0002995797
1518,2014-10-02,-0.0016478561,0.00087352394,-0.0036720703
1519,2014-10-03,-0.009424624,-0.00019181229,-0.0018464234
1520,2014-10-06,0.00021443574,0.004105279,-0.002549034
1521,2014-10-07,0.000169807,0.0018486658,0.0016632284
1522,2014-10-08,-0.007825683,0.0034037041,0.0006915166
1523,2014-10-09,-0.00013995473,0.0007633283,-0.0027410302
1524,2014-10-10,-0.009610904,-0.003338235,0.0015106625
1525,2014-10-13,0.0021808802,0.0034241944,0.0044946196
1526,2014-10-14,-0.0005450654,-0.00040098914,0.0010608505
1527,2014-10-15,0.0023024762,-0.0006083968,0.002187919
1528,2014-10-16,0.0072857314,-0.00021960802,0.0035510915
1529,2014-10-17,-0.006840718,-0.0009655224,0.0025467714
1530,2014-10-20,0.0067375638,-0.002285535,0.0011076585
1531,2014-10-21,0.0014594776,0.0027896513,0.0026685903
1532,2014-10-22,0.0058489656,0.0048414604,0.0023095848
1533,2014-10-23,0.0026343458,0.0036016773,0.0015010838
1534,2014-10-24,0.0039850096,0.0048414604,0.0012543453
1535,2014-10-27,0.0019797334,0.00058640895,0.0006122817
1536,2014-10-28,0.0028070034,0.00058640895,0.00022698514
1537,2014-10-29,-0.0054903775,-0.0039897845,-0.0026163002
1538,2014-10-30,0.000169807,0.0014915403,5.6690536e-05
1539,2014-10-31,-0.0013133057,0.0019272418,-0.001747192
1540,2014-11-03,-0.0034783045,-0.0026217964,-0.0029381881
1541,2014-11-04,0.002630874,-7.106009e-05,-6.452884e-05
1542,2014-11-05,0.0015093202,-7.106009e-05,0.000105765816
1543,2014-11-06,-0.0019560365,-7.106009e-05,-0.0003419845
1544,2014-11-07,-0.0016563265,0.00043549,-0.0003419845
1545,2014-11-10,0.0018090305,0.00043549,0.000105765816
1546,2014-11-11,-0.0016563265,0.00043549,-0.0003419845
1547,2014-11-12,0.001407682,0.00043549,0.000105765816
1548,2014-11-13,0.0011183454,0.00043549,-0.00029672676
1549,2014-11-14,0.003335324,0.00043549,0.000105765816
1550,2014-11-17,-0.0058754375,-0.0009345315,-0.0003214581
1551,2014-11-18,0.0026816446,0.00043549,0.000105765816
1552,2014-11-19,0.00015591225,0.00043549,-0.0003419845
1553,2014-11-20,-0.0068066316,-0.0009345315,-0.00090400863
1554,2014-11-21,-0.0016563265,0.00043549,-0.0003419845
1555,2014-11-24,0.0033448099,0.00043549,0.000105765816
1556,2014-11-25,0.0027352283,0.00043549,0.000105765816
1557,2014-11-26,-0.00044418336,0.00043549,-0.00029672676
1558,2014-11-28,0.0016086771,0.00043549,0.000105765816
1559,2014-12-01,-0.00044418336,-0.0009372626,-0.00029672676
1560,2014-12-02,0.0027352283,0.00043549,-6.452884e-05
1561,2014-12-03,-0.007389807,-0.0009345315,-0.00094926625
1562,2014-12-04,-0.0071849655,-0.0009345315,-0.00094926625
1563,2014-12-05,-0.0005381638,0.00043549,0.0002858238
1564,2014-12-08,-0.00802218,-0.0006435174,-0.00094926625
1565,2014-12-09,-0.0021661024,-0.00064624875,-0.0016147159
1566,2014-12-10,0.0013138696,0.0013962034,-6.452884e-05
1567,2014-12-11,-0.008989155,0.002281486,-0.00017925337
1568,2014-12-12,0.0007793884,0.0023552163,0.00029536936
1569,2014-12-15,0.0015754872,0.0049794894,-0.0003116577
1570,2014-12-16,-0.0010032612,0.002885634,0.0013105546
1571,2014-12-17,0.0006213588,0.0031331808,0.001899835
1572,2014-12-18,0.004720147,0.0021377779,-0.0022318012
1573,2014-12-19,-0.0051427516,-0.0025107837,-0.0028472054
1574,2014-12-22,0.003820297,2.3450528e-05,0.000105765816
1575,2014-12-23,0.0023435096,0.000726504,0.00049106235
1576,2014-12-24,0.0035074633,0.000726504,0.000105765816
1577,2014-12-26,-0.0010852839,0.000726504,-0.0003419845
1578,2014-12-29,-0.005188456,-0.0006435174,-0.00094926625
1579,2014-12-30,0.0029073672,0.000726504,0.0002858238
1580,2014-12-31,-0.005983282,-0.0006435174,-0.0011291945
1581,2015-01-02,0.0033018396,0.0022082292,-0.00051384256
1582,2015-01-05,-0.0004565399,0.0013962034,-0.0003419845
1583,2015-01-06,-0.008391897,0.0013763539,-0.00017925337
1584,2015-01-07,-0.0061277244,0.0030590906,-0.0022718813
1585,2015-01-08,4.3604523e-05,0.0047648354,-8.1277816e-05
1586,2015-01-09,-0.000124824,-0.0018246105,-0.0031573111
1587,2015-01-12,0.0043989527,0.0014603978,-0.00033114458
1588,2015-01-13,-0.0006490975,0.0007144838,-0.000977362
1589,2015-01-14,-0.0064496333,0.0009851948,0.0005185058
1590,2015-01-15,-0.009744305,0.0024864287,-0.0008831927
1591,2015-01-16,0.0023941514,0.0031766477,-0.0003272159
1592,2015-01-20,-0.0046251835,-0.003233881,-0.0027410302
1593,2015-01-21,-0.0019318813,0.0008774222,-0.00022076517
1594,2015-01-22,-0.0077808267,0.00086632534,-0.0003035881
1595,2015-01-23,0.002601244,-0.0008229088,-0.0023994553
1596,2015-01-26,-0.0063849944,0.0012245586,0.0009709013
1597,2015-01-27,-0.008574421,0.00041253274,-0.0003035881
1598,2015-01-28,-0.010925346,0.0034037041,0.0006915166
1599,2015-01-29,-0.013240055,0.003100874,0.001104888
1600,2015-01-30,0.0051648654,0.005433261,0.00034980866
1601,2015-02-02,-0.004677078,0.0033541843,-0.00017097231
1602,2015-02-03,0.00020331645,0.0015539224,0.00034980866
1603,2015-02-04,-0.005542259,-0.0004742128,-0.0031801234
1604,2015-02-05,-0.0075940005,-0.0012512337,-0.0006598582
1605,2015-02-06,-0.0062338854,0.0005572203,-0.0024432405
1606,2015-02-09,0.0017897369,0.0006647508,-0.0005833913
1607,2015-02-10,-0.008269363,-0.0009504471,-0.0019325896
1608,2015-02-11,-0.001505442,0.0005986393,-1.8166596e-05
1609,2015-02-12,-0.001501306,0.0005986393,0.0002243451
1610,2015-02-13,0.0029196024,-7.106009e-05,4.428713e-05
1611,2015-02-17,-0.0063619725,-0.0014410815,-0.00048628612
1612,2015-02-18,0.002905237,-7.106009e-05,4.428713e-05
1613,2015-02-19,-0.0018704445,-7.106009e-05,0.0002243451
1614,2015-02-20,0.005222993,-7.106009e-05,-0.00012600754
1615,2015-02-23,-0.000120690325,-0.00076439587,-0.0017963923
1616,2015-02-24,-0.007237411,-0.0014410815,-0.0006718108
1617,2015-02-25,-0.007389807,-0.0009345315,-0.00094926625
1618,2015-02-26,0.0009718158,0.00043549,0.000105765816
1619,2015-02-27,-0.0028982805,0.000726504,0.0002858238
1620,2015-03-02,-0.004518462,-0.0005774058,-0.001767342
1621,2015-03-03,-0.0011012906,0.000726504,-0.00069949974
1622,2015-03-04,0.0019163238,0.000726504,-0.0016147159
1623,2015-03-05,0.0032385227,-0.0004830999,-0.0016147159
1624,2015-03-06,-0.007199186,-0.0011500677,-0.00094926625
1625,2015-03-09,-0.0076236157,0.0020757222,-0.0010801617
1626,2015-03-10,0.0019061011,0.00088965305,7.331343e-05
1627,2015-03-11,0.0007100495,0.0038995363,-0.0017370251
1628,2015-03-12,0.0009809568,0.0012443208,-0.0002995797
1629,2015-03-13,0.00023571867,0.001064115,-0.0030973004
1630,2015-03-16,0.00057945837,0.002829255,-0.0005951962
1631,2015-03-17,0.00013568776,0.0022182553,-0.002999667
1632,2015-03-18,0.0047657164,0.00040980155,0.0013497921
1633,2015-03-19,-0.004682677,0.0006889149,-0.0028472054
1634,2015-03-20,-0.0060410774,9.2293514e-05,-0.0018871108
1635,2015-03-23,-0.0028158408,3.3168413e-05,-0.0022441423
1636,2015-03-24,0.00039674575,0.0009557646,0.0003382873
1637,2015-03-25,-0.006340788,-0.00041425682,-0.001214379
1638,2015-03-26,-0.0005288087,0.002228728,-0.00017092869
1639,2015-03-27,-0.0019003076,0.0022363467,5.6690536e-05
1640,2015-03-30,-0.0006583533,0.0022363467,-0.00015928641
1641,2015-03-31,-0.00027845753,-0.00031635852,-0.0020096032
1642,2015-04-01,0.0041941106,0.00259458,0.00012857618
1643,2015-04-02,-0.0053151473,0.00086632534,-0.0015763193
1644,2015-04-06,-0.0014955676,0.0017825542,-0.00022076517
1645,2015-04-07,0.0040474124,0.0017825542,0.0010830222
1646,2015-04-08,0.0033492183,0.0018486658,0.00040704323
1647,2015-04-09,0.0005745464,0.0017825542,-0.00056147884
1648,2015-04-10,0.0023825555,0.0013962034,-0.00056696584
1649,2015-04-13,0.0007294984,0.0013962034,-0.0003419845
1650,2015-04-14,-0.004042974,9.2293514e-05,-0.001214379
1651,2015-04-15,-0.00059201405,0.0013962034,-0.0003419845
1652,2015-04-16,-0.0016340704,0.0013962034,-0.0003419845
1653,2015-04-17,3.1304196e-05,0.0013962034,0.0002858238
1654,2015-04-20,0.0010146992,0.0031449571,-0.00082779187
1655,2015-04-21,0.0016739701,-0.0009677473,-0.0019277113
1656,2015-04-22,0.0020921007,0.0009557646,-0.0017959632
1657,2015-04-23,0.00042978826,0.00088965305,-0.0003419845
1658,2015-04-24,0.002677998,0.00088965305,-0.0002964266
1659,2015-04-27,-0.0008106211,0.00088965305,-0.0003419845
1660,2015-04-28,0.0029110052,0.0009557646,0.00042695543
1661,2015-04-29,-0.0027908245,0.0001963175,-0.0009972784
1662,2015-04-30,0.00066318555,0.00088965305,-0.0020324648
1663,2015-05-01,-0.015883612,-0.0007823261,-0.00063992717
1664,2015-05-04,-0.001505442,0.00088965305,-0.0023754616
1665,2015-05-05,-0.0077861603,-0.0024872534,-0.0008425564
1666,2015-05-06,-0.0051547107,0.0028953669,-0.0005951962
1667,2015-05-07,-0.008091587,0.0007794311,-0.0019325896
1668,2015-05-08,-0.003881866,0.0020833411,-0.00057703524
1669,2015-05-11,-0.0061094463,-0.0028626295,-0.0025101753
1670,2015-05-12,0.0009708324,0.0009557646,-0.0020324648
1671,2015-05-13,-0.0024042572,0.0011904398,-0.00048227783
1672,2015-05-14,-0.0012461329,-0.00018231309,-0.00013192522
1673,2015-05-15,-0.0017840462,-0.004584686,-0.0023604175
1674,2015-05-18,-0.007403572,-0.0011500677,-0.00048628612
1675,2015-05-19,0.00038616022,0.00021995377,0.000105765816
1676,2015-05-20,0.0017986568,0.00021995377,0.000105765816
1677,2015-05-21,-0.0011884519,-0.00064624875,-6.452884e-05
1678,2015-05-22,0.0019909595,0.000726504,-0.00029672676
1679,2015-05-26,-0.00074389344,-0.0011527992,-6.452884e-05
1680,2015-05-27,0.000576486,0.0017016788,-0.00051384256
1681,2015-05-28,0.00042978826,0.00088965305,0.0005140526
1682,2015-05-29,-0.0023385198,0.00088965305,-6.452884e-05
1683,2015-06-01,-0.0017547915,-0.0010511202,-0.0027051964
1684,2015-06-02,0.0033157447,0.00088965305,4.428713e-05
1685,2015-06-03,-0.007888672,-0.0024872534,-0.0012378324
1686,2015-06-04,-0.0009849351,0.00088965305,-0.00075973343
1687,2015-06-05,-0.008753255,-0.0007823261,-0.0010996475
1688,2015-06-08,-0.0067957854,0.0004786443,-0.00048351614
1689,2015-06-09,-0.0006490975,0.0023024585,-0.0014934964
1690,2015-06-10,0.000169807,0.0022363467,-0.00017550732
1691,2015-06-11,-0.0013133057,0.0022182553,-0.0003104104
1692,2015-06-12,0.0001363334,-0.0004830999,-0.0003419845
1693,2015-06-15,0.00040290027,0.00259458,-0.0014334081
1694,2015-06-16,0.002530314,0.0017825542,-0.0014934964
1695,2015-06-17,0.0008680012,0.0017825542,0.00063527195
1696,2015-06-18,-0.0014955676,0.0017825542,-0.00022076517
1697,2015-06-19,0.0016739701,0.00088965305,-0.0012631695
1698,2015-06-22,-0.0010873107,0.0009557646,-0.001092741
1699,2015-06-23,0.0027719853,0.00088965305,4.428713e-05
1700,2015-06-24,0.00042227877,0.00088965305,-0.0003419845
1701,2015-06-25,-0.008753255,-0.0007823261,-0.0010996475
1702,2015-06-26,0.0009809568,-0.00015821884,-0.0018497666
1703,2015-06-29,0.0027762314,-0.0002243304,-0.00012928496
1704,2015-06-30,-0.002181052,-0.0042758854,0.0013782575
1705,2015-07-01,0.0012666972,-0.00086443225,-0.0014553712
1706,2015-07-02,-0.0011526807,0.00022946234,0.00025601144
1707,2015-07-06,-0.0074504586,-0.0002056408,-0.00038240268
1708,2015-07-07,-0.002782085,0.0011782092,-0.0015314025
1709,2015-07-08,-0.010908618,0.0007133195,-0.00210632
1710,2015-07-09,-0.0064456095,0.0031576748,2.7286122e-05
1711,2015-07-10,0.008378487,0.0075811846,0.0051885517
1712,2015-07-13,0.0020242822,0.0045590717,-0.0021012838
1713,2015-07-14,-0.0077737356,0.0024344707,-0.0022755866
1714,2015-07-15,-0.0010965662,0.00088965305,-0.00040346326
1715,2015-07-16,-0.0013896748,0.00088965305,-0.00071447575
1716,2015-07-17,0.0020828452,0.00088965305,0.000105765816
1717,2015-07-20,-0.0023385198,0.00088965305,-6.452884e-05
1718,2015-07-21,-0.005311203,-0.00048036838,-0.00094926625
1719,2015-07-22,-0.008753255,0.0015253453,-0.00063992717
1720,2015-07-23,0.002371492,0.0007105882,-0.0018497666
1721,2015-07-24,-0.0005637249,0.0026032454,-0.00023830077
1722,2015-07-27,0.00090139906,0.0042233486,0.0010383376
1723,2015-07-28,0.0016163795,0.008153828,0.005984803
1724,2015-07-29,-0.008314846,-0.0016616278,0.0030841345
1725,2015-07-30,0.00045959756,-0.0016727161,-0.0007355814
1726,2015-07-31,0.0054895,0.0049288115,-0.00096381025
1727,2015-08-03,0.0067003323,0.0050570564,0.0019118672
1728,2015-08-04,0.002006994,0.0010150822,0.0038734055
1729,2015-08-05,0.002825899,-0.000357671,0.004162663
1730,2015-08-06,0.001377014,0.0031864205,-0.0005837475
1731,2015-08-07,-0.006053464,0.004986189,0.0073492457
1732,2015-08-10,0.0031425578,0.0011138662,0.0051984238
1733,2015-08-11,0.004255913,0.0022347476,-0.0023285009
1734,2015-08-12,0.004175009,0.0022358,0.003869709
1735,2015-08-13,0.0068363324,0.000541222,0.0024570301
1736,2015-08-14,0.002062527,-0.0023388083,0.0049336227
1737,2015-08-17,0.0006058379,-0.0021414696,0.0009581199
1738,2015-08-18,0.0067884186,-0.0021414696,0.0026376932
1739,2015-08-19,-0.012184297,-0.003511491,0.003140416
1740,2015-08-20,0.004463912,0.0055997227,0.011542766
1741,2015-08-21,0.0054367264,0.007912167,0.0067904
1742,2015-08-24,0.012782929,0.020876933,0.016317626
1743,2015-08-25,-0.028425869,0.006045425,0.022263002
1744,2015-08-26,0.018967694,0.009779338,0.015672175
1745,2015-08-27,0.007288901,-0.015565209,8.868227e-05
1746,2015-08-28,0.007389129,0.0007279325,0.0035227868
1747,2015-08-31,0.0044503086,-0.001729205,0.002179082
1748,2015-09-01,0.0037931874,-0.0031019591,0.006073941
1749,2015-09-02,0.002568637,0.013536788,0.012232159
1750,2015-09-03,0.00014280807,-0.008393591,0.0058531202
1751,2015-09-04,0.008016807,-0.0031391943,0.00019094568
1752,2015-09-08,0.0010014231,4.2359054e-05,0.008043074
1753,2015-09-09,-0.0075102,0.0005928934,0.002785534
1754,2015-09-10,0.0033693009,0.0011695712,0.0021736717
1755,2015-09-11,0.003861676,-0.0031533143,0.004031824
1756,2015-09-14,-0.013887356,-0.0002561552,0.0025179046
1757,2015-09-15,0.0045975,-0.0031560457,0.004945383
1758,2015-09-16,-0.006071329,-0.0053263316,0.0027775222
1759,2015-09-17,-0.0019821443,-0.0037088296,0.003364825
1760,2015-09-18,-0.0001668171,-0.0020753578,0.00029547384
1761,2015-09-21,0.0033647716,-0.007958245,-0.0027374364
1762,2015-09-22,-0.009169476,-0.0002561552,0.0061262306
1763,2015-09-23,-0.013111767,-0.006623225,0.0020785297
1764,2015-09-24,0.007548932,-0.0046263644,0.009130545
1765,2015-09-25,0.004843343,-0.005140676,0.0107175335
1766,2015-09-28,-0.0022916084,-0.0073691388,0.0027601083
1767,2015-09-29,-0.0076280367,0.0127995955,0.012521111
1768,2015-09-30,0.0043314737,0.004530031,0.015594913
1769,2015-10-01,-0.00010017038,-0.002436745,0.005636843
1770,2015-10-02,0.0063718874,-4.749751e-05,0.008689417
1771,2015-10-05,0.014971426,0.015205786,0.009358303
1772,2015-10-06,0.008643213,0.0003009491,8.590608e-05
1773,2015-10-07,-0.0018712529,-0.00018505735,0.0050503043
1774,2015-10-08,-0.0073108273,-0.00018232543,0.0017917675
1775,2015-10-09,-0.0042670416,-0.0009091914,0.00239905
1776,2015-10-12,-0.013663865,-0.0017010085,0.00093573076
1777,2015-10-13,-0.00313849,-0.00033098698,0.0027748363
1778,2015-10-14,0.00092810177,-0.0017037408,0.00543075
1779,2015-10-15,-0.009974424,-0.0014671872,0.0006621355
1780,2015-10-16,0.006654597,0.0016909512,0.004815312
1781,2015-10-19,0.000109966146,-0.0023852114,0.0045355875
1782,2015-10-20,0.0003268657,-0.0023852114,0.0045355875
1783,2015-10-21,-0.00283333,-0.0023852114,0.0040549166
1784,2015-10-22,-0.0004624317,-0.00026487542,0.00543075
1785,2015-10-23,-0.005618942,-0.0008137409,-0.004823013
1786,2015-10-26,-0.010469106,0.0034678217,0.0045354804
1787,2015-10-27,-0.0031863786,0.0034678217,0.0039569
1788,2015-10-28,-0.004293508,0.00013865548,0.0021994696
1789,2015-10-29,-0.00872722,-0.0021725376,-0.00012751021
1790,2015-10-30,-0.0044192784,-0.00031513703,0.0007126811
1791,2015-11-02,-0.005007868,0.00020476728,-0.001723968
1792,2015-11-03,-0.003648708,0.00019141327,-0.0011302815
1793,2015-11-04,-0.005499529,-0.0011786083,-0.001022343
1794,2015-11-05,-0.0048192358,0.00025752484,0.00011816918
1795,2015-11-06,-0.002286742,0.00019141327,-0.00011402868
1796,2015-11-09,-0.0042341384,0.00019141327,0.00028846384
1797,2015-11-10,0.004944494,0.0010034393,0.00012857618
1798,2015-11-11,-0.00367967,0.00019141327,0.00028846384
1799,2015-11-12,-0.00298141,0.00025752484,0.00066840404
1800,2015-11-13,0.0017650826,0.0012147098,-0.0003116577
1801,2015-11-16,0.004714298,0.002331421,-0.0015249276
1802,2015-11-17,-0.0056809443,-0.00042333233,-0.0026795515
1803,2015-11-18,-0.0033960394,-0.0006476066,0.0008483321
1804,2015-11-19,-0.0056569367,0.00048179936,-0.0022318012
1805,2015-11-20,-0.005056605,-0.0011786083,-0.00072131056
1806,2015-11-23,0.0007793884,0.00019141327,-0.00015928641
1807,2015-11-24,0.0035540604,-0.0011813394,0.00011816918
1808,2015-11-25,-0.00016756612,0.00019141327,-0.00015928641
1809,2015-11-27,-0.005056605,0.0006280693,-0.0007665682
1810,2015-11-30,0.0023211606,0.0019980907,-0.00011402868
1811,2015-12-01,-0.0029207268,0.0020642024,-0.00042439922
1812,2015-12-02,-0.007835329,0.0006280693,-0.00038127182
1813,2015-12-03,-0.00071138935,0.0028101169,0.00012857618
1814,2015-12-04,0.004944494,0.0009871924,-0.0003116577
1815,2015-12-07,-0.00037380925,-0.0009245473,-0.0022318012
1816,2015-12-08,-0.0038034264,0.0006280693,-0.0015133801
1817,2015-12-09,0.002179713,0.0019049845,-0.0008790425
1818,2015-12-10,0.0035302031,0.0011590708,-0.00042439922
1819,2015-12-11,0.0039588,0.0024518836,0.00028846384
1820,2015-12-14,0.0017803293,0.0046884753,-0.0009773155
1821,2015-12-15,-0.0032881848,0.0033260724,-0.001605748
1822,2015-12-16,0.00024848687,0.0010929592,0.0006737604
1823,2015-12-17,0.00077874266,0.0040200287,-0.0026795515
1824,2015-12-18,-0.0073775183,-0.0005817475,-0.00017925337
1825,2015-12-21,0.018548232,-0.003015253,0.004307288
1826,2015-12-22,0.0056954483,0.0028195223,0.0029689728
1827,2015-12-23,-0.0016575102,0.0028195223,0.00022601013
1828,2015-12-24,0.00024848687,-0.0021659702,-0.0016835344
1829,2015-12-28,-0.0052614473,-0.0002770623,-0.0004891126
1830,2015-12-29,-0.0010630931,0.00058640895,0.00011816918
1831,2015-12-30,-0.0010672291,-0.0026197631,-0.0021312847
1832,2015-12-31,-0.0060699754,0.0006414233,0.0008039899
1833,2016-01-04,0.004451343,0.0036315478,0.002611801
1834,2016-01-05,0.0048217014,0.0044294717,0.00032673083
1835,2016-01-06,-0.008345629,0.00082188693,0.0015826604
1836,2016-01-07,0.0010748463,0.0022358,-0.0012591092
1837,2016-01-08,0.00073624775,0.001760771,0.00049349974
1838,2016-01-11,-0.0019627085,0.00044979196,0.0031504922
1839,2016-01-12,-0.010453691,-0.0030992264,-0.00081378414
1840,2016-01-13,0.0012035653,0.0011138662,0.004575831
1841,2016-01-14,-0.011609124,-0.008561687,0.000115965784
1842,2016-01-15,0.002555743,-0.0043359785,0.0035535279
1843,2016-01-19,-0.014995914,0.010543978,0.013328649
1844,2016-01-20,0.0061995527,0.010014223,0.016280659
1845,2016-01-21,-0.001370247,0.024029912,0.0157479
1846,2016-01-22,-0.0002556512,0.009230052,0.028549043
1847,2016-01-25,0.003901877,-0.002978276,0.012251412
1848,2016-01-26,0.0015401434,0.011102502,0.016234213
1849,2016-01-27,0.0015427449,-0.0013080953,0.0044393446
1850,2016-01-28,-0.005751367,0.013734629,0.008723756
1851,2016-01-29,0.014281542,0.0020143539,0.016119445
1852,2016-02-01,0.018026873,0.0029698862,-0.0014470104
1853,2016-02-02,0.0023523609,-0.0021577864,0.005494918
1854,2016-02-03,0.0020523556,0.0075017074,0.007301316
1855,2016-02-04,0.006320155,-0.0036406931,0.0076274304
1856,2016-02-05,-0.011104794,-0.0002561552,0.0010538478
1857,2016-02-08,-0.005437654,0.006411202,0.008348242
1858,2016-02-09,0.010835912,0.014822347,0.0148248775
1859,2016-02-10,0.013521952,0.0068512615,0.02446208
1860,2016-02-11,0.009669991,0.012739537,0.031161675
1861,2016-02-12,0.013700173,0.013817137,0.01977009
1862,2016-02-16,0.010413934,0.0076859198,0.022768004
1863,2016-02-17,0.005376765,0.0026612915,0.0148219485
1864,2016-02-18,-0.0012202461,-0.00274269,0.0018725795
1865,2016-02-19,0.00077945966,0.0043890644,0.004659284
1866,2016-02-22,-0.011106912,0.0019813466,0.0073965015
1867,2016-02-23,0.0024393548,-6.305578e-05,0.00460373
1868,2016-02-24,0.0065030367,0.004562334,0.0077116857
1869,2016-02-25,-0.0001586593,0.000959228,0.0108378185
1870,2016-02-26,0.0023176293,0.00029847492,0.009704332
1871,2016-02-29,0.0011091674,-0.0002873303,0.008847997
1872,2016-03-01,0.0035539614,0.00054405926,0.008962583
1873,2016-03-02,0.0073327925,0.0020889768,-0.0008783422
1874,2016-03-03,0.0017365207,0.0029757246,0.00711319
1875,2016-03-04,-0.008549868,0.0053608767,0.006505908
1876,2016-03-07,-0.008549868,0.0053608767,0.006505908
1877,2016-03-08,-0.0005465369,0.0073091025,0.004053648
1878,2016-03-09,-0.010332562,-0.0004250739,0.00028108252
1879,2016-03-10,-0.008260531,8.7018605e-05,0.0034463664
1880,2016-03-11,0.0032307205,0.00145704,0.0055253278
1881,2016-03-14,0.004154343,-0.0003632733,0.005026458
1882,2016-03-15,-0.0069497107,-0.0023852114,0.0030072166
1883,2016-03-16,-0.0029330868,-0.0023852114,0.00623838
1884,2016-03-17,-0.0063642804,-0.0015100508,0.003363487
1885,2016-03-18,-0.0078771515,-0.00238424,-0.00026662392
1886,2016-03-21,-0.004542605,-0.00054345495,0.0006620414
1887,2016-03-22,-0.007281428,0.003938586,0.0026084112
1888,2016-03-23,-0.006232144,0.003938586,0.002885867
1889,2016-03-24,-0.0017016383,0.002499345,0.00018553209
1890,2016-03-28,-0.007281428,0.0010632122,0.00085098133
1891,2016-03-29,-0.0038808933,0.0024332337,0.0014582633
1892,2016-03-30,-0.0024708128,0.0019794407,0.00026770734
1893,2016-03-31,-0.0048386115,0.0006094192,-0.0007873251
1894,2016-04-01,-0.00010114629,0.0020455525,-0.00040706026
1895,2016-04-04,-0.003361849,0.00039320387,-0.0015992026
1896,2016-04-05,-0.0013761325,0.0006066879,-0.0005949888
1897,2016-04-06,0.006354534,0.0010034393,0.0005743964
1898,2016-04-07,-0.00094163,0.00019141327,0.00088872615
1899,2016-04-08,0.004944494,0.0010034393,-0.00068016135
1900,2016-04-11,-0.0022883601,-0.0011813394,0.00028846384
1901,2016-04-12,-0.0026931004,0.00025752484,0.0011257877
1902,2016-04-13,0.014854865,0.002871114,0.0024931466
1903,2016-04-14,-0.0015655602,-0.004812791,-0.0018662326
1904,2016-04-15,-0.0012966478,-0.0007014878,-0.0003419845
1905,2016-04-18,0.0017833553,-0.0007014878,-6.452884e-05
1906,2016-04-19,0.02504524,0.0013085136,0.0014544114
1907,2016-04-20,0.02253933,0.0031151911,0.0022762616
1908,2016-04-21,0.022921614,0.0031151911,0.0022762616
1909,2016-04-22,0.021505684,0.0031813025,0.0035165874
1910,2016-04-25,0.025331184,0.0031151911,0.0014544114
1911,2016-04-26,0.02177426,0.0031151911,0.0012841169
1912,2016-04-27,0.02562052,0.0031151911,0.0037720676
1913,2016-04-28,0.028919844,0.0031151911,0.0014544114
1914,2016-04-29,0.025926681,0.004596916,0.0023784959
1915,2016-05-02,0.02050673,0.00378489,0.00061138516
1916,2016-05-03,0.025234448,0.00378489,0.0023104486
1917,2016-05-04,0.019044958,0.0040509524,0.0039462377
1918,2016-05-05,0.020282404,0.003305038,0.0026916678
1919,2016-05-06,0.018754737,0.004677791,0.0039547654
1920,2016-05-09,0.019768288,0.004677791,0.0016371096
1921,2016-05-10,0.020558622,0.003305038,0.0037844712
1922,2016-05-11,0.023027748,0.0058068284,-4.684647e-05
1923,2016-05-12,0.024425525,0.004373106,0.004904563
1924,2016-05-13,0.01956197,0.004677791,0.0039547654
1925,2016-05-16,0.024220685,0.005489818,0.004252261
1926,2016-05-17,0.02030953,0.004677791,0.00073891453
1927,2016-05-18,0.024220685,0.005489818,0.004252261
1928,2016-05-19,0.020483682,0.004677791,0.0035522731
1929,2016-05-20,0.019941235,0.003772659,0.0026916678
1930,2016-05-23,0.021746464,0.0051315837,0.0039547654
1931,2016-05-24,0.020483682,0.003543294,0.0041348236
1932,2016-05-25,0.02101068,0.0069907433,0.00013585147
1933,2016-05-26,0.02258974,0.0040759044,0.0023104486
1934,2016-05-27,0.023826772,0.0040759044,0.0036017732
1935,2016-05-31,0.022998616,0.0040759044,0.0037720676
1936,2016-06-01,0.023007868,0.0036354654,0.002290894
1937,2016-06-02,0.021725086,0.0035693538,0.00078167976
1938,2016-06-03,0.022998616,0.0035693538,0.0014544114
1939,2016-06-06,0.021725086,0.0035693538,0.0012841169
1940,2016-06-07,0.02452497,0.0040759044,0.0023104486
1941,2016-06-08,0.024517458,0.0027031507,0.0037720676
1942,2016-06-09,0.024533607,0.0034062047,0.0014544114
1943,2016-06-10,0.023582146,0.0028996542,0.0039521256
1944,2016-06-13,0.025749378,0.0035693538,0.0053522578
1945,2016-06-14,0.022391014,0.0055750674,0.0035284888
1946,2016-06-15,0.020725975,0.0047630416,0.0033667223
1947,2016-06-16,0.022830253,0.004528366,0.0042759557
1948,2016-06-17,0.021835152,0.004462255,0.00096677145
1949,2016-06-20,0.021597356,0.004462255,0.003382279
1950,2016-06-21,0.024027532,0.0036354654,0.0044100275
1951,2016-06-22,0.024231514,0.0035693538,0.0037720676
1952,2016-06-23,0.02282747,0.0036354654,0.0034205262
1953,2016-06-24,0.023803966,0.0042282566,-9.3280934e-05
1954,2016-06-27,0.035532057,0.0058329655,0.004591894
1955,2016-06-28,0.022987563,0.012129822,0.011818581
1956,2016-06-29,0.026804138,0.0055213743,0.0032580683
1957,2016-06-30,0.021407636,0.0037438148,7.4384516e-06
1958,2016-07-01,0.023892686,0.0051987427,-0.0009978176
